player_id,name,team,clay_rank,clay_ppr,clay_games,carries,rush_yds,rush_td,targets,rec,rec_yds,rec_td,clay_target_share,clay_targ_pct,clay_yards_share
00-0037744,Trey McBride,ARI,1,242,17,0,0,0,149,108,1024,5,0.2623,0.26,0.2616
00-0039338,Brock Bowers,LV,2,240,17,4,16,0,135,98,996,7,0.2519,0.25,0.2587
00-0040128,Tyler Warren,IND,3,208,17,6,14,0,115,86,872,5,0.2224,0.22,0.2256
00-0040126,Colston Loveland,CHI,4,206,17,0,0,0,118,80,898,6,0.2318,0.23,0.2276
00-0039065,Sam LaPorta,DET,5,189,17,0,0,0,102,78,788,5,0.1914,0.19,0.1823
00-0040663,Harold Fannin Jr.,CLE,6,187,17,9,21,0,119,83,817,3,0.2329,0.23,0.2248
00-0036970,Kyle Pitts,ATL,7,185,17,0,0,0,115,80,857,3,0.2122,0.21,0.213
00-0033288,George Kittle,SF,8,177,15,0,0,0,88,70,762,5,0.1673,0.17,0.1761
00-0030506,Travis Kelce,KC,9,177,17,0,0,0,103,74,770,4,0.1897,0.19,0.1863
00-0034351,Dallas Goedert,PHI,10,177,17,0,0,0,93,70,726,6,0.1914,0.19,0.1862
00-0038996,Tucker Kraft,GB,11,172,17,2,8,0,94,68,775,4,0.1794,0.18,0.1876
00-0034753,Mark Andrews,BAL,12,170,17,10,35,1,84,58,618,7,0.1834,0.18,0.1567
00-0038041,Jake Ferguson,DAL,13,167,17,0,0,0,96,73,599,6,0.1699,0.17,0.1404
00-0041032,Kenyon Sadiq,NYJ,14,162,17,0,0,0,90,67,692,4,0.1698,0.17,0.1748
00-0035229,T.J. Hockenson,MIN,15,158,17,0,0,0,100,78,639,3,0.1799,0.18,0.162
00-0037838,Isaiah Likely,NYG,16,156,17,0,0,0,86,64,684,4,0.1706,0.17,0.1783
00-0038933,Dalton Kincaid,BUF,17,156,17,0,0,0,82,59,698,4,0.1602,0.16,0.171
00-0033090,Hunter Henry,NE,18,150,17,0,0,0,78,56,628,5,0.1515,0.15,0.1493
00-0036040,Juwan Johnson,NO,19,143,17,0,0,0,88,64,637,3,0.163,0.16,0.1589
00-0038935,Brenton Strange,JAX,20,142,17,0,0,0,85,59,598,4,0.1515,0.15,0.1469
00-0036894,Pat Freiermuth,PIT,21,136,17,0,0,0,85,60,601,3,0.1499,0.15,0.153
00-0040737,Terrance Ferguson,LAR,22,136,17,0,0,0,73,46,580,5,0.1299,0.13,0.131
00-0034383,Dalton Schultz,HOU,23,133,17,0,0,0,82,59,555,3,0.1513,0.15,0.1368
00-0040584,Gunnar Helm,TEN,24,126,17,0,0,0,77,58,495,3,0.1392,0.14,0.1267
00-0037809,Chigoziem Okonkwo,WAS,25,121,17,0,0,0,72,53,551,2,0.1398,0.14,0.1371
00-0037252,Greg Dulcich,MIA,26,119,17,0,0,0,75,52,581,2,0.15,0.15,0.1566
00-0039793,A.J. Barner,SEA,27,114,17,9,18,0,60,45,433,4,0.1205,0.12,0.1053
00-0034829,Mike Gesicki,CIN,28,107,17,0,0,0,57,40,394,5,0.0997,0.1,0.0919
00-0033881,Evan Engram,DEN,29,106,17,0,0,0,68,47,463,2,0.1201,0.12,0.1147
00-0040189,Oronde Gadsden II,LAC,30,106,17,0,0,0,58,42,444,3,0.1094,0.11,0.1112
00-0038129,Cade Otton,TB,31,102,17,0,0,0,64,45,441,2,0.121,0.12,0.1116
00-0039066,Michael Mayer,LV,32,81,17,0,0,0,54,37,363,1,0.1007,0.1,0.0943
00-0039356,Ja'Tavion Sanders,CAR,33,78,17,0,0,0,47,35,304,2,0.09,0.09,0.0801
00-0033885,David Njoku,LAC,34,75,17,0,0,0,42,29,299,3,0.0792,0.08,0.0749
00-0038558,Darnell Washington,PIT,35,72,17,0,0,0,45,31,304,2,0.0794,0.08,0.0774
00-0035689,Dawson Knox,BUF,36,68,17,0,0,0,36,25,265,3,0.0703,0.07,0.0649
00-0036244,Colby Parkinson,LAR,37,65,17,0,0,0,34,24,249,3,0.0605,0.06,0.0562
00-0039847,Theo Johnson,NYG,38,63,17,0,0,0,38,26,272,2,0.0754,0.08,0.0709
00-0037005,Tommy Tremble,CAR,39,62,17,0,0,0,37,26,252,2,0.0709,0.07,0.0664
00-0036637,Noah Gray,KC,40,61,17,0,0,0,38,26,262,1,0.07,0.07,0.0634
00-0040739,Elijah Arroyo,SEA,41,61,17,0,0,0,35,24,264,2,0.0703,0.07,0.0642
00-0040736,Mason Taylor,NYJ,42,57,17,0,0,0,37,28,232,1,0.0698,0.07,0.0586
00-0036290,Cole Kmet,CHI,43,54,17,0,0,0,31,22,219,2,0.0609,0.06,0.0555
00-0035644,Noah Fant,NO,44,45,17,0,0,0,27,21,180,1,0.05,0.05,0.0449
00-0032392,Austin Hooper,ATL,45,43,17,0,0,0,27,21,181,1,0.0498,0.05,0.045
00-0039041,Elijah Higgins,ARI,46,43,17,0,0,0,29,21,182,1,0.0511,0.05,0.0465
00-0039814,Erick All,CIN,47,40,17,0,0,0,23,17,156,1,0.0402,0.04,0.0364
00-0041524,Will Kacmarek,MIA,48,40,17,0,0,0,25,18,175,1,0.05,0.05,0.0472
00-0035631,Drew Sample,CIN,49,39,17,0,0,0,23,17,146,1,0.0402,0.04,0.0341
00-0035249,Josh Oliver,MIN,50,38,17,0,0,0,22,17,151,1,0.0396,0.04,0.0383
00-0033110,Tyler Higbee,LAR,51,38,17,0,0,0,22,15,154,1,0.0391,0.04,0.0348
00-0041483,Eli Stowers,PHI,52,38,17,5,20,0,20,14,143,1,0.0412,0.04,0.0367
00-0041395,Eli Raridon,NE,53,37,17,0,0,0,21,16,151,1,0.0408,0.04,0.0359
00-0038046,Charlie Kolar,LAC,54,36,17,0,0,0,21,15,148,1,0.0396,0.04,0.0371
00-0040187,Mitchell Evans,CAR,55,35,17,0,0,0,21,15,144,1,0.0402,0.04,0.0379
00-0039359,Cade Stover,HOU,56,35,17,4,10,0,22,15,134,1,0.0406,0.04,0.033
00-0036628,John Bates,WAS,57,34,17,0,0,0,21,15,134,1,0.0408,0.04,0.0333
00-0037112,Jake Tonges,SF,58,33,17,0,0,0,18,13,135,1,0.0342,0.04,0.0312
00-0034613,Tanner Hudson,CIN,59,29,17,0,0,0,17,13,110,1,0.0297,0.03,0.0257
00-0036422,Adam Trautman,DEN,60,29,17,0,0,0,17,12,113,1,0.03,0.03,0.028
00-0038547,Luke Schoonmaker,DAL,61,28,17,0,0,0,17,11,110,1,0.0301,0.03,0.0258
00-0040194,Jackson Hawes,BUF,62,27,17,0,0,0,15,11,110,1,0.0293,0.03,0.0269
00-0033217,Mo Alie-Cox,IND,63,27,17,0,0,0,16,11,111,1,0.0309,0.03,0.0287
00-0038115,Daniel Bellinger,TEN,64,27,17,0,0,0,17,13,112,0,0.0307,0.03,0.0287
00-0039912,Ben Sinnott,WAS,65,27,17,0,0,0,15,12,105,1,0.0291,0.03,0.0261
00-0037805,Jeremy Ruckert,NYJ,66,25,17,0,0,0,16,12,96,1,0.0302,0.03,0.0243
00-0039144,Luke Musgrave,GB,67,24,17,0,0,0,16,11,102,1,0.0305,0.03,0.0247
00-0034798,Durham Smythe,BAL,68,24,17,0,0,0,14,10,94,1,0.0306,0.03,0.0238
00-0039074,Davis Allen,LAR,69,20,17,0,0,0,11,8,74,1,0.0196,0.02,0.0167
00-0034981,Foster Moreau,HOU,70,19,17,0,0,0,11,8,79,1,0.0203,0.02,0.0195
00-0038783,Nate Adkins,DEN,71,19,17,0,0,0,11,8,69,1,0.0194,0.02,0.0171
00-0036754,Brock Wright,DET,72,19,17,0,0,0,11,8,72,1,0.0206,0.02,0.0167
00-0041503,Nate Boerkircher,JAX,73,18,17,0,0,0,11,8,74,1,0.0196,0.02,0.0182
00-0039050,Payne Durham,TB,74,18,17,0,0,0,11,7,71,1,0.0208,0.02,0.018
00-0041087,Joe Royer,CLE,75,16,17,0,0,0,10,8,67,0,0.0196,0.02,0.0184
00-0038809,Ben Sims,MIA,76,15,17,0,0,0,10,7,65,0,0.02,0.02,0.0175
00-0036887,Luke Farrell,SF,77,10,17,0,0,0,6,4,41,0,0.0114,0.01,0.0095
00-0041510,Max Klare,LAR,78,10,17,0,0,0,6,4,38,0,0.0107,0.01,0.0086
00-0041077,Justin Joly,DEN,79,10,17,0,0,0,6,4,38,0,0.0106,0.01,0.0094
00-0039530,Brevyn Spann-Ford,DAL,80,9,17,0,0,0,6,4,37,0,0.0106,0.01,0.0087
